"Name","Version","IsDefault"
"Rocznicowa aktualizacja systemu Microsoft Windows 10/Server 2016","8.0","False"
"Aktualizacja systemu Microsoft Windows 10 dla twórców","8.1","False"
"Microsoft Windows 10 Fall Creators Update/Server 1709","8.2","False"
"Microsoft Windows 10 z aktualizacją z kwietnia 2018 / Server 1803","8.3","False"
"Microsoft Windows 10 z aktualizacją z października 2018 / Server 2019","9.0","False"
"Microsoft Windows 10 z aktualizacją z maja 2019 / Server 1903","9.1","False"
"Microsoft Windows 10 z aktualizacją z maja 2020 / Server 2004","9.2","False"
"Microsoft Windows 10 (Mangan)","9.3","False"
"Microsoft Windows Server 2022","10.0","False"
"System operacyjny hosta firmy Microsoft (Cobalt+)","10.5","False"
"Microsoft Windows 11 (22H2)","11.0","False"
"Microsoft Windows 11 (Copper)","11.1","False"
"Microsoft Windows 11 (Zinc)","11.2","False"
"Microsoft Windows Server 2025","12.0","True"
