"Name","State","Generation","Version","ProcessorCount","DynamicMemoryEnabled","CheckpointType","AutomaticCheckpointsEnabled"
"LAB-AUTO-001","Off","2","12.0","2","True","ProductionOnly","False"
"LAB-CHK-001","Off","2","12.0","1","True","ProductionOnly","False"
"LAB-CLONE-A","Off","2","12.0","1","True","Standard","True"
"LAB-CLONE-B","Off","2","12.0","1","True","Standard","True"
"LAB-CPU-001","Off","2","12.0","2","True","Standard","True"
"LAB-CPU-002","Off","2","12.0","2","True","Standard","True"
"LAB-EXP-001","Off","2","12.0","1","True","Standard","True"
"LAB-EXP-001-COPY","Off","2","12.0","1","True","Standard","True"
"LAB-GEN1-001","Off","1","12.0","1","True","Standard","True"
"LAB-GEN2-001","Off","2","12.0","1","True","Standard","True"
"LAB-MEM-001","Off","2","12.0","1","True","Standard","True"
"LAB-MEM-STATIC-001","Off","2","12.0","1","False","Standard","True"
"LAB-SEC-001","Off","2","12.0","1","True","Standard","True"
