"VMName","SecureBoot","SecureBootTemplate","TpmEnabled","Shielded"
"LAB-AUTO-001","On","MicrosoftWindows","True","False"
"LAB-CHK-001","On","MicrosoftWindows","False","False"
"LAB-CLONE-A","On","MicrosoftWindows","False","False"
"LAB-CLONE-B","On","MicrosoftWindows","False","False"
"LAB-CPU-001","On","MicrosoftWindows","False","False"
"LAB-CPU-002","On","MicrosoftWindows","False","False"
"LAB-EXP-001","On","MicrosoftWindows","False","False"
"LAB-EXP-001-COPY","On","MicrosoftWindows","False","False"
"LAB-GEN2-001","On","MicrosoftWindows","False","False"
"LAB-MEM-001","On","MicrosoftWindows","False","False"
"LAB-MEM-STATIC-001","On","MicrosoftWindows","False","False"
"LAB-SEC-001","On","MicrosoftWindows","True","False"
